,end station name,end station latitude,end station longitude
0,Edgecombe Ave & W 145 St,40.823498,-73.94386
1,E 85 St & 3 Ave,40.77801203,-73.95407149
2,28 St & 36 Ave,40.757186,-73.93271899999999
4,E 141 St & Jackson Ave,40.806896,-73.911837
6,21 St & 36 Ave,40.760185299999996,-73.9362726
7,3 Ave & E 100 St,40.787721399999995,-73.94728331
8,Avenue D & E 8 St,40.72387,-73.975767
9,W 16 St & The High Line,40.74334935,-74.00681753
10,S 4 St & Wythe Ave,40.71285887,-73.96590294
11,Hamilton Pl & W 140 St,40.822756,-73.951346
12,E 2 St & Avenue C,40.720873600000004,-73.98085795
13,Henry St & Middagh St,40.7003,-73.99158100000001
14,Lexington Ave & E 26 St,40.741459000000006,-73.983293
15,5 Ave & E 29 St,40.7451677,-73.98683077
16,E 160 St & Tinton Ave,40.820302000000005,-73.903944
17,E 81 St & 2 Ave,40.77477944895728,-73.95427465438844
18,W 33 St & 7 Ave,40.75019995,-73.99093085
22,Hope St & Union Ave,40.71167351,-73.95141312
24,2 Ave & E 125 St,40.802554,-73.933509
26,Motorgate,40.7639089,-73.9477213
27,West End Ave & W 60 St,40.77237,-73.99005
28,W 59 St & 10 Ave,40.770513,-73.988038
29,N 6 St & Bedford Ave,40.71745169,-73.95850939
30,Norman St & Wyckoff Ave,40.695170000000005,-73.90311
31,8 Ave & W 52 St,40.76370739,-73.9851615
32,E 27 St & 1 Ave,40.739445,-73.97680600000001
33,34 Ave & 13 St,40.763875299999995,-73.9364848
35,Wilson Ave & Troutman St,40.70166,-73.92754000000001
36,W 95 St & Broadway,40.7937704,-73.971888
37,Monroe St & Tompkins Ave,40.686203000000006,-73.944694
40,W 41 St & 8 Ave,40.75640548,-73.9900262
41,Broadway & W 58 St,40.76695317,-73.98169333
42,West St & Chambers St,40.71754834,-74.01322069
43,W 37 St & 5 Ave,40.75038009,-73.98338988
44,Driggs Ave & N 9 St,40.71816969454208,-73.95520135760306
45,Spruce St & Nassau St,40.71146364,-74.00552427
46,9 Ave & W 22 St,40.7454973,-74.00197139
47,E 33 St & 1 Ave,40.74322681432173,-73.97449783980845
49,Old Fulton St,40.70277159,-73.99383605
50,E 106 St & Lexington Ave,40.791976,-73.945993
51,Cherry St,40.71219906,-73.97948148
52,Concourse Village West & E 156 St,40.823161999999996,-73.92326700000001
54,11 Ave & W 41 St,40.76030096,-73.99884222
55,Lexington Ave & E 36 St,40.747573958954796,-73.97880077362059
56,W 34 St & 11 Ave,40.75594159,-74.0021163
57,Wyckoff Av & Stanhope St,40.703545,-73.917775
58,Adam Clayton Powell Blvd & W 130 St,40.812346000000005,-73.946168
59,Schermerhorn St & Court St,40.69102925677968,-73.99183362722397
60,E 4 St & 2 Ave,40.726280700000004,-73.98978041
61,1 Ave & E 39 St,40.74714,-73.97113
62,Montrose Ave & Bushwick Ave,40.70767788,-73.94016171
64,W 49 St & 8 Ave,40.76227205,-73.98788205
66,Degraw St & Smith St,40.6829151,-73.99318208
67,E 72 St & Park Ave,40.77118287540658,-73.96409422159195
68,Central Park West & W 76 St,40.77896784,-73.97374737
69,River Ave & E 151 St,40.822216999999995,-73.928939
70,W 26 St & 8 Ave,40.74734825,-73.99723551
71,West St & Liberty St,40.711444,-74.014847
73,Garfield Pl & 8 Ave,40.671197799999995,-73.97484126
74,Leonard St & Boerum St,40.70583339,-73.94644578
75,W 64 St & Thelonious Monk Circle,40.77515953434235,-73.98918695747851
80,E 118 St & 3 Ave,40.799139000000004,-73.9389152
82,Canal St & Rutgers St,40.71427487,-73.98990025
83,Fulton St & Utica Ave,40.6794268,-73.92989109999999
86,W 106 St & Amsterdam Ave,40.80083629999999,-73.9664492472
87,W 54 St & 9 Ave,40.76584941,-73.98690506
88,Eastern Pkwy & Franklin Ave,40.670776700000005,-73.9576801
89,Christopher St & Greenwich St,40.73291553,-74.00711384
90,Fulton St & William St,40.70955958,-74.00653609
91,E 6 St & Avenue D,40.72228087,-73.97668709
92,E 114 St & 1 Ave,40.79456629999999,-73.9362541
93,W 50 St & 9 Ave,40.76360467795863,-73.98917958140373
95,E 106 St & Madison Ave,40.79343370000001,-73.94945003
99,W 56 St & 10 Ave,40.768254,-73.988639
101,Van Brunt St & Wolcott St,40.6773429,-74.01275056
102,E 174 St & Walton Ave,40.844811,-73.912042
103,Stanton St & Mangin St,40.71782143,-73.97628939
104,Allen St & Rivington St,40.72019576,-73.98997825
105,Lewis Ave & Madison St,40.686312,-73.935775
110,E 58 St &  1 Ave (NW Corner),40.759125,-73.96265799999999
113,W 20 St & 8 Ave,40.74345335,-74.00004031
114,E 20 St & FDR Drive,40.73314259,-73.97573881
115,3 Ave & E 72 St,40.7699426,-73.96060712
117,E 97 St & 3 Ave,40.7859201,-73.94860294
118,W 135 St & Lenox Terrace Pl,40.813619,-73.939336
120,1 Ave & E 16 St,40.73221853,-73.98165557
122,Pleasant Ave & E 116 St,40.794987899999995,-73.9333349
123,E 2 St & Avenue A,40.72307749068673,-73.98583620786667
126,Broadway & W 60 St,40.76915505,-73.98191841
128,3 Ave & E 163 St,40.823871999999994,-73.908699
130,Duffield St & Willoughby St,40.69221589,-73.9842844
132,E 11 St & 1 Ave,40.72953837,-73.98426726
133,Broadway & W 38 St,40.75299641,-73.98721619
136,44 Dr & 21 St,40.748000000000005,-73.94609270000001
137,Lenox Ave & W 111 St,40.7987859,-73.9523
139,W 11 St & 6 Ave,40.73532427,-73.99800419
140,W 44 St & 5 Ave,40.75500254,-73.98014437
142,E 15 St & 3 Ave,40.734232,-73.986923
143,Greene Av & Myrtle Av,40.698568,-73.918877
146,E 84 St & Park Ave,40.77862688,-73.95772073
147,1 Ave & E 44 St,40.75001986,-73.96905301
152,Barrow St & Hudson St,40.73172428,-74.00674436
157,Crescent St & 35 Ave,40.7596276,-73.93214549999999
159,1 Ave & E 18 St,40.73381219196632,-73.9805442094803
162,Suffolk St & Stanton St,40.72066442,-73.98517977
166,Broadway & W 49 St,40.76068327096592,-73.98452728986742
167,6 Ave & Canal St,40.72243797,-74.00566443
169,Greene Ave & Nostrand Ave,40.68833370000001,-73.950916
171,Central Park West & W 68 St,40.7734066,-73.97782542
172,Tinton Ave & E 165 St,40.824796,-73.90241999999999
174,E 16 St & Irving Pl,40.735367055605394,-73.98797392845155
177,Greenpoint Ave & Manhattan Ave,40.730259999999994,-73.95394
179,W 13 St & 5 Ave,40.735445,-73.99431
181,Wall St & South St,40.704370000000004,-74.00636999999999
182,Brook Ave & E 138 St,40.807408,-73.91924
183,Cumberland St & Lafayette Ave,40.68753406,-73.97265183
184,Cooper Square & Astor Pl,40.729514962249496,-73.99075269699097
186,Myrtle Ave & Marcy Ave,40.69539817,-73.94954908
188,Central Ave & Flushing Ave,40.702831,-73.9333
189,North Moore St & Greenwich St,40.72019521437465,-74.0103006362915
191,Washington Pl & 6 Ave,40.73224119,-74.00026394
193,Adam Clayton Powell Blvd & W 141 St,40.819241,-73.941057
194,Avenue D & E 10 St,40.72506551015475,-73.97515833377837
196,Harrison Pl & Porter Ave,40.70686,-73.92851
197,Pershing Square North,40.751872999999996,-73.97770600000001
199,E 123 St & Lexington Ave,40.802926299999996,-73.9379
200,31 St & Astoria Blvd,40.76991760000001,-73.91840570000001
201,W 78 St & Amsterdam Ave,40.782535857724106,-73.97908508777618
202,W 18 St & 6 Ave,40.73971301,-73.99456405
203,W 15 St & 6 Ave,40.73804614248277,-73.99642959237099
207,E 51 St & Lexington Ave,40.75714758,-73.97207836
208,W 22 St & 10 Ave,40.74691959,-74.00451887
209,E 167 St & Clay Ave,40.830940000000005,-73.91125
213,Concourse Village East & E 158 St,40.823732,-73.919379
215,White St & Moore St,40.704508000000004,-73.9351
216,Kent Ave & N 7 St,40.72036775298455,-73.96165072917937
217,Queens Plaza North & Crescent St,40.75110165,-73.94073717
218,Broadway & E 14 St,40.73454567,-73.99074142
220,Bond St & Bergen St,40.6849668,-73.98620772
221,E 5 St & Avenue C,40.72299208,-73.97995466
222,Madison St & Forest Ave,40.70555,-73.90245
223,Lispenard St & Broadway,40.71939226,-74.00247214
224,Columbia Heights & Cranberry St,40.70037867,-73.99548059
225,University Pl & E 8 St,40.73143724085228,-73.99490341544151
226,8 Ave & W 33 St,40.751551,-73.993934
227,Central Park W & W 103 St,40.79603684159984,-73.96158903853575
228,E 13 St & Avenue A,40.72966729392978,-73.98067966103555
229,Broadway & W 153 St,40.831327,-73.946665
232,W 37 St & 10 Ave,40.75660359,-73.9979009
233,McKibbin St & Manhattan Ave,40.70510918,-73.94407279
234,Johnson St & Gold St,40.69474881,-73.98362464
235,Centre St & Seneca Ave,40.699690000000004,-73.9022
236,E 32 St & Park Ave,40.745712100000006,-73.98194829
238,Columbus Ave & W 72 St,40.7770575,-73.97898475
239,Gerard Ave & E 165 St,40.83173,-73.922394
240,St James Pl & Oliver St,40.71307916,-73.99851193
244,Center Blvd & 48 Ave,40.745038,-73.957539
245,Avenue D & E 3 St,40.72082834,-73.97793172
246,W 46 St & 11 Ave,40.76341379,-73.99667444
248,E 2 St & Avenue B,40.72217444,-73.98368779
249,Lenox Ave & W 130 St,40.8107922,-73.9430681
250,1 Ave & E 68 St,40.76500525,-73.95818491
251,Courtlandt Ave & E 157 St,40.822267,-73.916792
252,Melrose St & Broadway,40.697480999999996,-73.935877
254,E 81 St & York Ave,40.7728384,-73.94989233
255,4 Ave & E 12 St,40.732647,-73.99011
257,Somers St & Broadway,40.67945,-73.90474
258,Columbus Ave & W 103 St,40.7969347,-73.9643412291
260,E 7 St & Avenue A,40.72621788,-73.98379855
262,6 Ave & W 33 St,40.74901271,-73.98848395
263,E 12 St & 3 Ave,40.73223272,-73.98889957
265,E 17 St & Broadway,40.73704984,-73.99009296
266,Carroll St & 5 Ave,40.6751622,-73.9814832
269,W 45 St & 8 Ave,40.75929124,-73.98859651
270,Broadway & W 53 St,40.76344058,-73.98268129
271,Irving Ave & Halsey St,40.69467,-73.90663
272,Allen St & Stanton St,40.722055,-73.989111
273,W 27 St & 7 Ave,40.746646999999996,-73.993915
275,35 St & Broadway,40.760339,-73.9222427
276,Avenue C & E 18 St,40.730563000000004,-73.973984
278,Courtlandt Ave & E 149 St,40.816402000000004,-73.919549
279,2 Ave & E 96 St,40.7839636,-73.94716729999999
280,W 92 St & Broadway,40.7921,-73.9739
282,E 53 St & Lexington Ave,40.75828065,-73.97069431
283,Franklin Ave & Myrtle Ave,40.694546087246025,-73.95801365375519
284,W 70 St & Amsterdam Ave,40.77748046,-73.98288594
287,E 20 St & Park Ave,40.73827428,-73.98751968
290,Henry St & Grand St,40.714211,-73.981095
291,State St & Smith St,40.68926942,-73.98912867
295,Bushwick Ave & Linden St,40.69146,-73.92146
296,E 163 St & Union Ave,40.822545,-73.901824
300,Hudson St & Reade St,40.71625008,-74.0091059
302,Bank St & Hudson St,40.73652889,-74.00618026
303,W 53 St & 10 Ave,40.76669671,-73.99061728
304,31 St & Thomson Ave,40.74469738,-73.93540375
305,Garrison Ave & Manida St,40.818743,-73.890247
307,Warren St & Court St,40.686371,-73.99383324
308,Lenox Ave & W 117 St,40.8025566,-73.9490782
310,Howard St & Centre St,40.71910537,-73.99973337
311,E 102 St & Park Ave,40.7904828,-73.95033068
313,Bedford Ave & S 9 St,40.70853074,-73.96408963
315,Lenox Ave & W 126 St,40.808442,-73.94520870000001
317,W 52 St & 11 Ave,40.76727216,-73.99392888
319,Bedford Ave & Montgomery St,40.665816,-73.95693399999999
321,5 Ave & E 135 St,40.812191,-73.937838
322,38 Ave & 29 St,40.75473,-73.93366999999999
326,E 11 St & Avenue B,40.727464206923926,-73.97950418293476
327,W 43 St & 10 Ave,40.76009437,-73.99461843
330,E 53 St & 3 Ave,40.75763227739443,-73.9693057537079
331,Broadway & W 160 St,40.835775,-73.9434
333,Market St & Cherry St,40.71076228,-73.99400398
335,E 20 St & 2 Ave,40.73587678,-73.98205027
336,5 Ave & W 131 St,40.810140000000004,-73.93973000000001
343,24 Ave & 29 St,40.7729,-73.91614200000001
345,Degraw St & Hoyt St,40.68199044270703,-73.99079024791719
347,Clinton St & Grand St,40.71559509,-73.9870295
349,University Pl & E 14 St,40.734814,-73.992085
351,Scholes St & Manhattan Ave,40.70870368,-73.9448625
353,Broadway & Berry St,40.71044554,-73.96525063
354,Frederick Douglass Blvd & W 115 St,40.8038654,-73.95593079999999
358,Myrtle Ave & Grove St,40.69905,-73.91516
359,Franklin St & Dupont St,40.735640000000004,-73.95866
361,W 36 St & 9 Ave,40.754623240291046,-73.99516761302948
362,W 63 St & Broadway,40.77163851,-73.98261428
363,Monroe St & Bedford Ave,40.6851443,-73.95380904
365,Frederick Douglass Blvd & W 117 St,40.805159,-73.95469200000001
366,31 St & Newtown Ave,40.7675487799971,-73.92093345522879
372,E 60 St & York Ave,40.759107,-73.959223
373,E 118 St & 1 Ave,40.797470000000004,-73.93504
375,Rivington St & Ridge St,40.71850211,-73.98329859
376,E 85 St & York Ave,40.77536905,-73.94803392
377,21 St & Queens Plaza North,40.75325964,-73.94335788
378,3 Ave & E 112 St,40.795508,-73.94160600000001
379,Greenwich Ave & Charles St,40.735238,-74.000271
380,Jerome Ave & E 164 St,40.831444,-73.926226
383,E 23 St & 1 Ave,40.736502,-73.97809472
385,Fairview Ave & Linden St,40.70694,-73.90632
386,Broadway & Battery Pl,40.70463334,-74.01361706
389,Lewis Ave & Kosciuszko St,40.69237074,-73.93705428
391,1 Ave & E 94 St,40.78172120000001,-73.94594000000001
393,St Nicholas Ave & Manhattan Ave,40.809725,-73.953149
398,Grand St & Elizabeth St,40.718821999999996,-73.99596
401,Clinton St & Centre St,40.67434,-74.00194698
404,5 Av & W 139 St,40.815484000000005,-73.935856
405,Leonard St & Maujer St,40.71036854235229,-73.94705951213838
406,E 102 St & 1 Ave,40.7869946,-73.94164802
408,Adam Clayton Powell Blvd & W 126 St,40.809495347779475,-73.94776493310928
410,Halsey St & Broadway,40.68565,-73.91564
411,Delancey St & Eldridge St,40.719383,-73.991479
413,W 84 St & Broadway,40.7867947,-73.977112
416,E 39 St & Lexington Ave,40.74949854602521,-73.97729203113158
423,W 24 St & 7 Ave,40.74487634,-73.99529885
428,Madison Ave & E 82 St,40.7781314,-73.96069399
430,6 St & 7 Ave,40.668662700000006,-73.97988067
431,Jackson St & Leonard St,40.716380319735606,-73.94821286201476
436,Marcus Garvey Blvd & Macon St,40.682601,-73.938037
437,6 Ave & W 45 St,40.756951,-73.98263100000001
439,Plaza Dr & W 170 St,40.840484000000004,-73.917946
442,Audobon Ave & W 179 St,40.847305,-73.933291
443,Carroll St & Columbia St,40.6830456,-74.00348559
445,W 30 St & 10 Ave,40.752694,-74.002353
446,E 72 St & York Ave,40.76663814,-73.95348296
447,Grand Army Plaza & Central Park S,40.764397100000004,-73.97371465
450,Irving Ave & Jefferson St,40.70538,-73.92535
451,Broadway & Moylan Pl,40.8143256,-73.9590255
453,E 51 St & 2 Ave,40.755293,-73.967641
454,W 22 St & 8 Ave,40.74475148,-73.99915362
456,Riverside Dr & W 91 St,40.793134809866636,-73.97700369358063
457,W 104 St & Amsterdam Ave,40.79904139288298,-73.96649479866028
458,E 48 St & 3 Ave,40.7546011026,-73.971878855
466,Menahan St & Onderdonk Ave,40.705529999999996,-73.9096
467,W 67 St & Broadway,40.77492513,-73.98266566
470,12 Ave & W 40 St,40.76087502,-74.00277668
471,Broadway & W 56 St,40.7652654,-73.98192338
477,Norfolk St & Broome St,40.7172274,-73.98802084
479,Bushwick Ave & Harman St,40.69356,-73.92524
480,West Drive & Prospect Park West,40.6610633719006,-73.97945255041121
482,Woodward Ave & Harman St,40.70793,-73.91091999999999
485,E 89 St & 3 Ave,40.7806284,-73.9521667
486,W 42 St & Dyer Ave,40.75898481399634,-73.99379968643187
488,W 87 St & Amsterdam Ave,40.78839,-73.9747
490,W 100 St & Manhattan Ave,40.795,-73.9645
492,23 Ave & 27 St,40.776165,-73.9153175
495,6 Ave & Broome St,40.72430832160217,-74.00473035871983
497,Riverside Dr & W 72 St,40.780577990103346,-73.98562431335448
498,E 115 St & Lexington Ave,40.797911,-73.9423
499,Goble Pl & Macombs Rd,40.844075,-73.91725600000001
500,Frederick Douglass Blvd & W 112 St,40.801694,-73.957145
502,Knickerbocker Ave & Halsey St,40.693000000000005,-73.90824
507,11 Ave & W 59 St,40.771496710544405,-73.99046033620834
510,Pike St & Monroe St,40.71173107,-73.99193043
511,Sullivan Pl & Franklin Ave,40.66407983678161,-73.96025128666679
513,E 82 St & East End Ave,40.7724607,-73.9468208
514,Berry St & N 8 St,40.7190095,-73.95852515
515,31 Ave & 30 St,40.7647,-73.9240312
516,W 42 St & 8 Ave,40.75756989999999,-73.99098507
519,MacDougal St & Washington Sq,40.73226398,-73.99852205
522,E 81 St & 3 Ave,40.77573034,-73.9567526
525,Kingston Ave & Herkimer St,40.67890679,-73.94142771
526,Broad St & Bridge St,40.70365182,-74.01167797
528,Forsyth St & Canal St,40.715815500000005,-73.99422366
529,Cathedral Pkwy & Broadway,40.804213,-73.96699104
530,11 St & 43 Ave,40.7519071,-73.94791190000001
532,3 St & 3 Ave,40.675070500000004,-73.98775226
533,Hanson Pl & Ashland Pl,40.68506807308177,-73.97790759801863
536,Great Jones St,40.72743423,-73.99379025
537,Columbus Ave & W 95 St,40.7919557,-73.968087
541,Rogers Ave & Sterling St,40.6630619,-73.95387459999999
545,Adam Clayton Powell Blvd & W 123 St,40.8078316,-73.949373
547,Metropolitan Ave & Bedford Ave,40.71534825,-73.96024116
551,Nassau Ave & Russell St,40.725570000000005,-73.94434
552,Nassau St & Navy St,40.69839895,-73.98068914
555,34 Ave & 38 St,40.756913,-73.921631
556,Carmine St & 6 Ave,40.73038599,-74.00214988
560,S 5 Pl & S 5 St,40.710451,-73.960876
562,10 St & 2 Ave,40.671907,-73.993612
566,Menahan St & Seneca Ave,40.704609999999995,-73.91054
567,Clinton Ave & Myrtle Ave,40.693261,-73.968896
568,W 100 St & Broadway,40.797372100000004,-73.97041192
569,W 146 St & Broadway,40.826969,-73.949738
576,Grand St & Havemeyer St,40.71286844,-73.95698119
577,Broadway & W 41 St,40.75513557,-73.98658032
581,W 40 St & 5 Ave,40.752269,-73.982079
582,E 55 St & 2 Ave,40.75797322,-73.96603308
583,Lexington Ave & Classon Ave,40.68676793,-73.95928168
589,John St & William St,40.70862144,-74.00722156
592,Park Ave & E 124 St,40.8045555,-73.93968609999999
593,Front St & Maiden Ln,40.70530954,-74.00612572
595,1 Ave & E 78 St,40.77140426,-73.9535166
599,Bushwick Ave & Forrest St,40.700759999999995,-73.93641
602,Bayard St & Leonard St,40.71915571696044,-73.94885390996933
610,7 Ave & Central Park South,40.7667405590595,-73.9790689945221
612,E 135 St & St Ann's Ave,40.805089,-73.91888900000001
614,Southern Blvd & E 149 St,40.811892,-73.90419200000001
616,W 144 St & Adam Clayton Powell Blvd,40.820877,-73.939249
626,E 161 St & Park Ave,40.824811,-73.91640699999999
627,W 87 St & West End Ave,40.789621999999994,-73.97757
628,Broadway & Kosciuszko St,40.693290000000005,-73.92851999999999
629,Broadway & E 22 St,40.740343200000005,-73.98955109
631,Harman St & Seneca Ave,40.70577,-73.91292
634,Melrose Ave & E 154 St,40.819609,-73.916071
643,Dean St & Franklin Ave,40.67759206937376,-73.95563721656801
645,3 Ave & Schermerhorn St,40.68683208,-73.9796772
646,E 171 St & Webster Ave,40.838378999999996,-73.905838
649,Allen St & Hester St,40.71605866,-73.99190759
652,Hancock St & Wyckoff Ave,40.6972,-73.90674
654,W 110 St & Amsterdam Ave,40.802692,-73.96295
655,Harrison St & Hudson St,40.71870987,-74.0090009
656,Mercer St & Bleecker St,40.72706363348306,-73.99662137031554
661,E 47 St & 2 Ave,40.75323098,-73.97032517
663,Sherman Ave & E 166 St,40.83130549267296,-73.91744792461395
666,Central Ave & Decatur St,40.6882,-73.90798000000001
667,Jerome Ave & Anderson Ave,40.830179,-73.928747
669,Forest Ave & Summerfield St,40.699220000000004,-73.89795
672,Irving Ave & Harman St,40.70108,-73.9179
673,Beaver St & Fayette St,40.700990000000004,-73.93921
674,Central Ave & Himrod St,40.69676,-73.92302
677,Willis Ave & E 137 St,40.808384000000004,-73.923604
680,3 Ave & E 62 St,40.76312584,-73.96526895
683,Greenwich Ave & 8 Ave,40.7390169121,-74.0026376103
685,St. Ann's Ave & E 144 St,40.811112,-73.914932
687,Hamilton Pl & W 138 St,40.821728,-73.952761
694,E 78 St & 2 Ave,40.7727966,-73.95577801
699,Ogden Ave & W 165 St,40.834457,-73.928381
701,Lafayette Ave & St James Pl,40.68851534,-73.9647628
702,11 Ave & W 27 St,40.751396,-74.00522600000001
704,24 St & 41 Ave,40.752474,-73.939991
708,48 Ave & 30 Pl,40.74128309355993,-73.93725872039794
711,Washington St & Gansevoort St,40.739323,-74.008119
713,Moffat St & Bushwick,40.68458,-73.90925
716,St. Nicholas Ave & W 155 St,40.830663,-73.941323
717,West Farms Rd & Boone Ave,40.830025,-73.886312
718,Putnam Ave & Nostrand Ave,40.684020000000004,-73.94977
719,E 98 St & Park Ave,40.788129999999995,-73.95206
720,Newton Rd & 44 St,40.7595701,-73.91426779999999
725,E 97 St & Madison Ave,40.787801,-73.953559
737,Forsyth St & Broome St,40.71893904,-73.99266288
740,Westchester Ave & Longwood Ave,40.819701,-73.90131099999999
741,Willis Ave & E 141 St,40.81093,-73.92160600000001
742,W 35 St & 9 Ave,40.754145192635185,-73.9960889518261
747,W 155 St & Frederick Douglass Blvd,40.829229999999995,-73.936996
750,E 58 St & Madison Ave,40.763025942805186,-73.97209525108337
752,2 Ave & E 31 St,40.74290902,-73.97706058
758,E 91 St & Park Ave,40.7835016,-73.955327
759,2 Ave & E 104 St,40.789210499999996,-73.94370784
761,Sands St Gate,40.699569,-73.979827
762,Broadway & W 51 St,40.76228826,-73.98336183
763,Broadway & W 36 St,40.75097711,-73.98765428
768,24 Ave & 26 St,40.774591,-73.918544
769,Lexington Ave & E 128 St,40.806414000000004,-73.93608499999999
770,Barclay St & Church St,40.71291224,-74.01020234
774,E 76 St & Park Ave,40.773763,-73.96222088
775,Morris Ave & E 153 St,40.820036,-73.92141099999999
776,E 170 St & Webster Ave,40.83617913677475,-73.90730146322765
777,Morgan Ave & Lombardy St,40.72226,-73.93889
778,E 10 St & Avenue A,40.72740794,-73.98142006
781,Maiden Ln & Pearl St,40.70706456,-74.00731853
790,Bialystoker Pl & Delancey St,40.71622644,-73.98261206
791,E 47 St & Park Ave,40.75510267,-73.97498696
792,Riverside Blvd & W 67 St,40.777507027547976,-73.98888587951659
793,Pulaski St & Marcus Garvey Blvd,40.693398200000004,-73.939877
794,Broadway & W 29 St,40.7462009,-73.98855723
799,Kosciuszko St & Nostrand Ave,40.69072549,-73.95133465
801,Greenwich St & W Houston St,40.728846000000004,-74.00859100000001
802,Astoria Park S & Shore Blvd,40.7767,-73.927631
803,Macombs Pl & W 152 St,40.826406,-73.93794799999999
805,Freeman St & Reverend James A Polite Ave,40.830529,-73.894717
806,Madison Av & E 51 St,40.75863,-73.97513000000001
809,E 53 St & Madison Ave,40.75971079999999,-73.97402311
810,1 Ave & E 62 St,40.761227399999996,-73.96094022
813,West End Ave & W 94 St,40.7941654,-73.974124
814,W 42 St & 6 Ave,40.75492,-73.98455
815,8 Ave & W 38 St,40.75461,-73.99176999999999
817,Emerson Pl & Myrtle Ave,40.69363137,-73.96223558
819,W 13 St & 7 Ave,40.73781509,-73.99994661
822,Willoughby Ave & Walworth St,40.69331716,-73.95381995
829,34 Ave & 21 St,40.762813799999996,-73.9342862
830,E 58 St & 3 Ave,40.76095756,-73.96724467
833,E 149 St & Morris Ave,40.81734,-73.922962
834,Division Ave & Marcy Ave,40.70708701,-73.95796783
840,Central Park W & W 97 St,40.79249519495111,-73.9641706646307
843,Carlton Ave & Park Ave,40.69580705,-73.97355569
844,1 Ave & E 30 St,40.74144387,-73.97536082
845,Pearl St & Peck Slip,40.708484999999996,-74.002751
846,Dock 72 Way & Market St,40.69985,-73.97140999999999
860,E 43 St & 5 Ave,40.754120810779256,-73.98025184869765
869,7 Ave & Park Pl,40.67761470000001,-73.97324283
873,William St & Pine St,40.70717936,-74.00887308
874,Bedford Ave & Nassau Ave,40.72311651,-73.95212324
876,W 169 St & Fort Washington Ave,40.8428422,-73.9421253
878,Henry St & Atlantic Ave,40.69089272,-73.99612349
880,E 47 St & 1 Ave,40.75206862,-73.96784384
881,Central Park S & 6 Ave,40.76590936,-73.97634151
882,Water - Whitehall Plaza,40.70255065,-74.0127234
883,Pleasant Ave & E 120 St,40.7974772,-73.9311847
886,Bergen St & Smith St,40.686744299999994,-73.99063168
887,Cadman Plaza E & Johnson St,40.69531727766904,-73.99015724658966
892,Broadway & W 165 St,40.839137,-73.941409
898,Stanton St & Chrystie St,40.72229346,-73.99147535
900,W 106 St & Central Park West,40.798185600000004,-73.96059090060001
901,Adam Clayton Powell Blvd & W 151 St,40.825289,-73.93623199999999
902,Fulton St & Adams St,40.692418292578466,-73.98949474096298
905,E 65 St & 2 Ave,40.76471851944339,-73.96222069859505
906,37 Ave & 35 St,40.7531106,-73.9279917
908,W 55 St & 6 Ave,40.763189000000004,-73.978434
914,W 148 St & Amsterdam Ave,40.827075,-73.945909
915,Pier 40 - Hudson River Park,40.7277140777778,-74.01129573583603
917,Albany Ave & Fulton St,40.6800105,-73.938475
918,Madison Ave & E 99 St,40.78948541553215,-73.9524292945862
924,Central Park North & Adam Clayton Powell Blvd,40.799484,-73.955613
926,Grand Concourse & E 161 St,40.827115,-73.92272
927,E 2 St & 2 Ave,40.72502876,-73.99069656
928,W Broadway & Spring St,40.72494672359416,-74.00165855884552
933,Prospect Park West & 8 St,40.66514681533792,-73.97637605667114
937,2 Ave & E 72 St,40.7687620293096,-73.95840793848038
938,E 115 St & Madison Ave,40.7989445,-73.944846
939,Broadway & W 133 St,40.8190344,-73.95615600000001
942,5 Ave & E 78 St,40.77632142182271,-73.96427392959596
944,Madison Ave & E 26 St,40.742684734875695,-73.98671329021455
947,5 Ave & E 88 St,40.78307,-73.95939
948,E 89 St & York Ave,40.7779453,-73.94604100000001
951,W 84 St & Columbus Ave,40.78499979,-73.97283406
957,12 Ave & W 125 St,40.818298999999996,-73.96040500000001
959,E 84 St & 1 Ave,40.77565541,-73.95068615
960,E 58 St & 1 Ave (NE Corner),40.75892386377695,-73.96226227283478
968,Union Ave & Jackson St,40.7160751,-73.95202900000001
974,E 75 St & 3 Ave,40.77112927,-73.95772297
976,E 110 St & Madison Ave,40.796153499999996,-73.94782145
977,E 25 St & 1 Ave,40.7381765,-73.97738662
978,Vesey Pl & River Terrace,40.715337899999994,-74.01658354
982,Sheridan Ave & E 172 St,40.840494,-73.911479
990,Fulton St & Waverly Ave,40.68323865460341,-73.96599590778352
991,10 St & 7 Ave,40.666207799999995,-73.98199886
996,Lafayette St & E 8 St,40.73020660529954,-73.99102628231049
997,Myrtle Ave & Lewis Ave,40.69681963,-73.93756926
999,W 31 St & 7 Ave,40.749156,-73.9916
1002,E 66 St & Madison Ave,40.768008893059466,-73.96845281124116
1005,Central Park West & W 72 St,40.77579376683666,-73.97620573639871
1014,E 25 St & 2 Ave,40.73912601,-73.97973776
1016,W 52 St & 6 Ave,40.76132983124814,-73.97982001304626
1018,W 47 St & 6 Ave,40.758396999999995,-73.98255
1019,Myrtle Ave & St Edwards St,40.69327018,-73.97703874
1026,43 St & Broadway,40.7577284,-73.9166368
1028,South St & Gouverneur Ln,40.70355377,-74.00670227
1036,Knickerbocker Ave & Hancock St,40.69385,-73.90974
1038,Lewis Ave & Decatur St,40.6814598,-73.934903
1039,W 15 St & 10 Ave,40.742753828659026,-74.00747358798982
1049,W 82 St & Central Park West,40.78275,-73.97137
1050,W 21 St & 6 Ave,40.74173969,-73.99415556
1053,W 51 St & 6 Ave,40.7606597,-73.98042047
1054,31 Ave & Crescent St,40.765834600000005,-73.9265474
1057,W 20 St & 10 Ave,40.745686,-74.00514100000001
1063,Amsterdam Ave & W 125 St,40.813358,-73.956461
1065,Kingsland Ave & Nassau Ave,40.725770000000004,-73.94173
1079,Watts St & Greenwich St,40.72405549,-74.00965965
1080,Amsterdam Ave & W 82 St,40.78524672,-73.97667321
1082,31 St & Broadway,40.761584,-73.925921
1089,Broadway & W 122 St,40.8120562,-73.9612547
1092,Amsterdam Ave & W 73 St,40.779668090073116,-73.98093044757842
1094,Broadway & W 25 St,40.74286877312112,-73.98918628692627
1103,E 91 St & 2 Ave,40.781122299341654,-73.94965589046478
1106,Murray St & Greenwich St,40.71485150526252,-74.01122331619263
1112,E 74 St & 1 Ave,40.7689738,-73.95482273
1116,49 Ave & 21 St,40.74252,-73.948852
1123,2 Ave & 36 St,40.65708866668485,-74.00870203971863
1129,W 113 St & Broadway,40.805973,-73.964928
1132,FDR Drive & E 35 St,40.744219,-73.97121214
1134,31 St & 23 Ave,40.7747878,-73.91255509999999
1136,E 93 St & 2 Ave,40.78245417527987,-73.94891962409021
1142,W 4 St & 7 Ave S,40.73401143,-74.00293877
1145,Rivington St & Chrystie St,40.72110063,-73.99192540000001
1146,Grand St & Greene St,40.72170005235607,-74.00238141417502
1154,Centre St & Chambers St,40.71273266,-74.0046073
1157,Broadway & W 37 St,40.75172632,-73.98753523
1159,Bus Slip & State St,40.701907,-74.013942
1168,5 Ave & E 72 St,40.77282817,-73.96685276
1178,W 25 St & 6 Ave,40.74395411,-73.99144871
1179,Walnut Ave & E 136 St,40.801657,-73.909513
1181,E 11 St & 2 Ave,40.73047309,-73.98672378
1182,6 Ave & 9 St,40.668127,-73.98377641
1187,E 16 St & 5 Ave,40.73726186,-73.99238967
1192,Fulton St & Broadway,40.711065999999995,-74.009447
1200,Center Blvd & 51 Ave,40.74336608027021,-73.95960688591003
1208,Melrose Ave & E 150 St,40.816827,-73.917338
1213,Bushwick Ave & Dekalb Ave,40.69502,-73.92825
1218,35 Ave & 37 St,40.7557327,-73.92366109999999
1219,Hicks St & Montague St,40.69512845,-73.99595065
1224,Murray St & West St,40.7149787,-74.013012
1225,10 Ave & W 28 St,40.75066386,-74.00176802
1227,Union Ave & N 12 St,40.71924,-73.95241999999999
1228,Riverside Dr & W 104 St,40.8013434,-73.97114574390001
1247,45 Rd & 11 St,40.74708586,-73.94977234
1248,Montague St & Clinton St,40.694281141397326,-73.99230033159256
1250,Willoughby St & Fleet St,40.69196566,-73.9813018
1271,Adam Clayton Powell Blvd & W 132 St,40.813539,-73.94521
1278,Kosciuszko St & Tompkins Ave,40.69128258,-73.9452416
1280,Vernon Blvd & 30 Rd,40.770845,-73.93417099999999
1285,E 56 St & Madison Ave,40.761573,-73.972628
1287,11 St & 35 Ave,40.76274420000001,-73.9391141
1290,W 89 St & Columbus Ave,40.7882213,-73.97041561
1291,Richards St & Delavan St,40.67943270000001,-74.00785041
1293,E 59 St & Madison Ave,40.76350532,-73.97109243
1299,Frederick Douglass Blvd & W 129 St,40.8125511,-73.9492286
1300,E 19 St & 3 Ave,40.73624527,-73.98473765
1310,Bond St & Fulton St,40.68962188790333,-73.98304268717766
1314,9 Ave & W 28 St,40.74937024193277,-73.99923384189607
1317,1 Ave & E 5 St,40.725864,-73.986389
1332,E 88 St & Park Ave,40.781410700190015,-73.95595908164978
1344,West End Ave & W 78 St,40.783786,-73.981687
1350,Brooklyn Bridge Park - Pier 2,40.698458,-73.997178
1353,E 149 St & Park Ave,40.818154,-73.925294
1355,8 Ave & W 16 St,40.740983,-74.00170200000001
1358,Irving Ave & Palmetto St,40.698,-73.9127
1373,5 Ave & E 63 St,40.766368,-73.971518
1374,4 Ave & 9 St,40.6705135,-73.98876585
1388,Lafayette St & Jersey St,40.72456089,-73.99565293
1393,Lefferts Pl & Franklin Ave,40.680342423,-73.9557689392
1394,Mercer St & Spring St,40.72362738,-73.99949601
1395,South St & Whitehall St,40.70122128,-74.01234218
1398,Little West St & 1 Pl,40.70569254,-74.01677685
1407,Pearl St & Hanover Square,40.7047177,-74.00926027
1408,Milton St & Franklin St,40.72906,-73.95779
1409,Monroe St & Classon Ave,40.684568299999995,-73.95881081
1411,E 56 St & 3 Ave,40.75934501,-73.96759673
1422,E 48 St & 5 Ave,40.75724567911726,-73.97805914282799
1446,W 48 St & Rockefeller Plaza,40.757936462436746,-73.97960275411606
1450,DeKalb Ave & S Portland Ave,40.68981035,-73.97493121
1456,Calyer St & Jewel St,40.72984,-73.94839
1461,Stewart Ave & Johnson Ave,40.708690000000004,-73.92586999999999
1462,E 95 St & 3 Ave,40.7849032,-73.950503
1470,Convent Ave & W 135 St,40.818215,-73.950988
1472,W 51 St & Rockefeller Plaza,40.75969995906254,-73.9780819416046
1474,E 41 St & Madison Ave,40.752165280621966,-73.97992193698882
1480,Atlantic Ave & Fort Greene Pl,40.68382604,-73.97632328
1485,Amsterdam Ave & W 131 St,40.816355,-73.954295
1488,E 68 St & 3 Ave,40.76712840349542,-73.96224617958069
1499,St. Nicholas Ave & W 126 St,40.8114323,-73.95187759999999
1509,Crescent St & 30 Ave,40.768692,-73.9249574
1526,E 161 St & River Ave,40.827883,-73.927111
1532,Lexington Ave & E 29 St,40.74311555376486,-73.98215353488922
1533,Baltic St & 5 Ave,40.6795766,-73.97854971
1534,N 11 St & Kent Ave,40.72248188638219,-73.95921930670737
1544,8 Ave & W 31 St,40.7505853470215,-73.9946848154068
1551,Washington Ave & Park Ave,40.69610226,-73.96751037
1553,Lexington Ave & E 127 St,40.805726,-73.936322
1560,Washington Pl & Broadway,40.72903917,-73.99404649
1566,E 45 St & 3 Ave,40.75255434,-73.97282625
1568,Central Park W & W 91 St,40.78866499127884,-73.96680057048799
1569,Frederick Douglass Blvd & W 145 St,40.823060999999996,-73.941928
1574,Gansevoort St & Hudson St,40.73944820130404,-74.00507032871245
1575,Centre St & Worth St,40.71494807,-74.00234482
1581,Grand Army Plaza & Plaza St West,40.6729679,-73.97087984
1582,46 Ave & 5 St,40.74731,-73.95451
1584,Dean St & 4 Ave,40.68312489,-73.97895137
1592,Southpoint Park,40.75370225419114,-73.95865201950072
1614,W 76 St & Columbus Ave,40.7801839724239,-73.97728532552719
1626,DeKalb Ave & Hudson Ave,40.689888,-73.981013
1629,5 Ave & E 126 St,40.806979999999996,-73.94174699999999
1639,N 12 St & Bedford Ave,40.72079821,-73.95484712
1640,Vernon Blvd & 31 Ave,40.7692475,-73.93545040000001
1668,Lawrence St & Willoughby St,40.69236178,-73.98631746
1669,Amsterdam Ave & W 167 St,40.839443,-73.937044
1674,Cadman Plaza E & Red Cross Pl,40.69991755,-73.98971773
1681,Pershing Square South,40.751581,-73.97791
1686,Madison St & Montgomery St,40.713126,-73.984844
1702,W 35 St & Dyer Ave,40.754691750226016,-73.9974018931389
1705,W 18 St & 9 Ave,40.7435337324616,-74.00367558002472
1706,Columbia St & Lorraine St,40.6747055,-74.00755720000001
1754,Willoughby St & Ashland Pl,40.69178,-73.97877
1760,Willoughby Ave & Tompkins Ave,40.69425403,-73.94626915
1769,19 St & 24 Ave,40.777455200000006,-73.9225403
1770,Underhill Ave & Lincoln Pl,40.674012299999994,-73.9671457
1786,W 15 St & 7 Ave,40.73935542,-73.99931783
1797,Broadway & W 131 St,40.817555,-73.957163
1805,3 Ave & Franklin Ave,40.82696,-73.907451
1808,W 20 St & 7 Ave,40.74238787,-73.99726235
1827,Union St & 4 Ave,40.6772744,-73.98282002
1831,Madison St & Clinton St,40.71269042,-73.98776323
1841,St Nicholas Ave & W 150 St,40.827212,-73.942722
1846,Plaza St West & Flatbush Ave,40.675020700000005,-73.97111473
1856,E 63 St & 3 Ave,40.763954,-73.9646
1869,Franklin St & W Broadway,40.71911552,-74.00666661
1873,Catherine St & Monroe St,40.71117444,-73.99682619
1890,Carlton Ave & Flushing Ave,40.697787,-73.973736
1891,3 Ave & E 71 St,40.76873687,-73.96119945
1894,Huron St & Franklin St,40.732659999999996,-73.95826
1897,5 Ave & E 103 St,40.792255299999994,-73.95249933
1904,9 Ave & W 45 St,40.76019252,-73.9912551
1929,Kane St & Clinton St,40.686175799999994,-73.99645295
1947,Greenwich St & Hubert St,40.721319,-74.010065
1971,Vernon Blvd & 50 Ave,40.74232744,-73.95411749
1973,Bergen St & Flatbush Ave,40.680944723477296,-73.97567331790923
1977,Morgan Ave & Maspeth Ave,40.716657,-73.93637
1978,Clark St & Henry St,40.69760127,-73.99344559
2009,Congress St & Clinton St,40.6881529,-73.99520919
2026,LaGuardia Pl & W 3 St,40.72917025,-73.99810231
2031,Columbia St & Rivington St,40.71739973,-73.98016555
2043,DeKalb Ave & Franklin Ave,40.69064807082943,-73.95746178925037
2058,Crescent St & Broadway,40.7633589,-73.92864709999999
2062,W 165 St & Fort Washington Ave,40.84004,-73.942939
2065,Edgecombe Ave & W 141 St,40.820681,-73.945144
2070,St Ann's Ave & Westchester Ave,40.815887,-73.911918
2071,W 116 St & Amsterdam Ave,40.8067581,-73.9607082
2074,Division Ave & Hooper St,40.70684203101325,-73.9544353965357
2082,47 Ave & 31 St,40.743,-73.93561
2089,Vernon Blvd & 47 Rd,40.7449067,-73.9534573
2117,Madison St & Woodward Ave,40.70408,-73.90408000000001
2119,Cliff St & Fulton St,40.70838,-74.00495
2120,Bank St & Washington St,40.7361967,-74.00859207
2137,Leonard St & Church St,40.717571,-74.005549
2150,21 St & 31 Dr,40.7659,-73.930819
2159,Clermont Ave & Lafayette Ave,40.68764484,-73.96968902
2174,3 Ave & 14 St,40.6685455,-73.99333264
2175,Court St & State St,40.6902375,-73.99203074
2183,Dean St & Hoyt St,40.686444200000004,-73.98759104
2224,Liberty St & Nassau St,40.70858894240581,-74.00935482235809
2249,E 138 St & 5 Av,40.81449,-73.936153
2264,Morningside Ave & W 123 St,40.81,-73.9551508
2266,Riverside Dr & W 138 St,40.823168,-73.955857
2269,Bradhurst Ave & W 148 St,40.825125,-73.941616
2271,Lorimer St & Calyer St,40.72795,-73.95414
2294,Stagg St & Morgan Ave,40.710681,-73.93372
2299,Division St & Bowery,40.714193,-73.996732
2311,Pacific St & Classon Ave,40.67919439999999,-73.95879029999999
2315,9 St & 44 Rd,40.74966,-73.9521
2337,E 109 St & 3 Ave,40.79329668,-73.9432083
2343,Central Park West & W 85 St,40.78476,-73.969862
2344,Lenox Ave & W 115 St,40.8011939,-73.9500739
2355,W 163 St & Edgecombe Ave,40.835798,-73.937496
2377,2 Ave & E 99 St,40.786258600000004,-73.94552579
2383,E 31 St & 3 Ave,40.74394314,-73.97966069
2395,E 81 St & Park Ave,40.77677702,-73.95900970000001
2405,Vernon Blvd & 10 St,40.7671863,-73.9373554
2418,MacDougal St & Prince St,40.72710258,-74.00297088
2425,Adam Clayton Powell Blvd & W 118 St,40.804372,-73.951475
2448,Butler St & Court St,40.6849894,-73.99440329
2451,W 47 St & 10 Ave,40.76269882,-73.99301222
2454,Putnam Ave & Throop Ave,40.6851532,-73.94111
2474,Front St & Washington St,40.70255088,-73.98940236
2491,W 26 St & 10 Ave,40.749717753,-74.002950346
2500,Frost St & Debevoise Ave,40.71882,-73.93948
2502,9 Ave & W 18 St,40.74317449,-74.00366443
2523,Cleveland Pl & Spring St,40.72210378668603,-73.99724900722505
2546,Vernon Blvd & 41 Rd,40.7552433,-73.94856779999999
2560,Amsterdam Ave & W 66 St,40.7746671,-73.98470567
2561,Atlantic Ave & Furman St,40.69165183,-73.99997859999999
2583,Myrtle Ave & Linden St,40.69943,-73.91337
2604,Newtown Ave & 23 St,40.7713615,-73.9246145
2613,Meserole Ave & Manhattan Ave,40.72708584,-73.95299117
2618,E 88 St & 1 Ave,40.778301,-73.9488134
2621,Cauldwell Ave & E 158 St,40.81989,-73.908351
2632,W 180 St & Ft Washington Ave,40.849971999999994,-73.938423
2654,21 St & Hoyt Ave S,40.774645,-73.92370600000001
2658,Wadsworth Ave & W 179 St,40.848467,-73.936064
2659,E 118 St & Madison Ave,40.801486600000004,-73.9442507
2669,Reade St & Broadway,40.71450451,-74.00562789
2675,3 St & Prospect Park West,40.668132,-73.97363831
2698,Flushing Ave & Vanderbilt Ave,40.69795031569544,-73.97077560424805
2707,Roosevelt Island Tramway,40.757284000000006,-73.9536
2712,47 Ave & Skillman Ave,40.7437524099784,-73.94176483154297
2716,E 144 St & Brook Ave,40.811675,-73.917037
2728,DeKalb Ave & Vanderbilt Ave,40.68940747,-73.96885458
2729,River Ave & E 153 St,40.82441,-73.92818
2736,3 Ave & E 174 St,40.842240000000004,-73.8985
2759,Stanton St & Norfolk St,40.720746999999996,-73.986274
2768,31 Ave & Steinway St,40.761148799999994,-73.9170071
2770,Jefferson St & Cypress Ave,40.709070000000004,-73.92156999999999
2783,Lexington Ave & E 111 St,40.79541210000001,-73.9441232
2786,Schermerhorn St & Bond St,40.68841742754083,-73.98451656103134
2789,Mott St & Prince St,40.72317958,-73.99480012
2790,S 3 St & Bedford Ave,40.71260486,-73.96264403
2797,27 Ave & 9 St,40.7739825,-73.93091340000001
2798,Cambridge Pl & Gates Ave,40.68488,-73.96304
2817,Crescent St & Ditmars Blvd,40.7787185,-73.9145645
2822,Macon St & Nostrand Ave,40.6809833854,-73.9500479759
2823,Knickerbocker Ave & Thames St,40.70539,-73.92976
2858,Prospect Pl & 6 Ave,40.6793307,-73.97519523
2860,Bergen St & Vanderbilt Ave,40.6794388,-73.96804379999999
2886,Lenox Ave & W 146 St,40.821111,-73.935971
2913,Boerum St & Broadway,40.70538077,-73.94976519
2939,Eastern Pkwy & Washington Ave,40.6716493,-73.9631145
2953,E 43 St & 2 Ave,40.75022392,-73.97121414
2956,Lenox Ave & W 144 St,40.819783,-73.936521
2973,Devoe St & Lorimer St,40.71335226222875,-73.9491033554077
2986,Adam Clayton Powell Blvd & W 115 St,40.802535,-73.9532423
2990,Stagg St & Union Ave,40.70877084,-73.95095259
2991,St Nicholas Ave & W 137 St,40.818477,-73.947568
2992,Jay St & Tech Pl,40.695065,-73.987167
2997,McGuinness Blvd & Eagle St,40.73555,-73.95284000000001
3007,E 103 St & Lexington Ave,40.790305100000005,-73.94755757
3008,East End Ave & E 86 St,40.77518615,-73.94446054
3011,Bergen Ave & E 152 St,40.817166,-73.914737
3016,Fort Washington Ave & W 183 St,40.852252,-73.937854
3022,Front St & Jay St,40.702461,-73.98684200000001
3030,Washington Ave & E 174 St,40.843078999999996,-73.900216
3043,Brook Ave & E 148 St,40.814383,-73.915368
3049,Van Brunt St & Van Dyke St,40.675832943912894,-74.01472628116608
3078,Graham Ave & Grand St,40.711863,-73.944024
3106,India St & West St,40.73181401720966,-73.95995020866394
3118,St Marks Pl & 1 Ave,40.72779126,-73.98564945
3138,Henry St & Degraw St,40.684751399999996,-73.99917254
3159,Grant Ave & E 164 St,40.828846999999996,-73.91769000000001
3184,Perry St & Bleecker St,40.73535398,-74.00483091
3188,Flushing Ave & Woodward Ave,40.71246,-73.91873000000001
3208,Pike St & E Broadway,40.71406667,-73.99293911
3212,Classon Ave & St Marks Ave,40.676519799999994,-73.9596082
3221,Columbia St & Kane St,40.68763155,-74.0016256
3253,44 Dr & Jackson Ave,40.74718234,-73.9432635
3267,Wilson Ave & Moffat St,40.68906,-73.90505999999999
3275,28 Ave & 35 St,40.7671,-73.9169858
3280,Concord St & Bridge St,40.69766564,-73.98476437
3290,Adam Clayton Powell Blvd & W 138 St,40.81695971032464,-73.9422959089279
3297,Amsterdam Ave & W 180 St,40.847396,-73.931205
3336,Willow Ave & E 133 St,40.800933,-73.913863
3345,Washington Park,40.6917823,-73.97372990000001
3348,E 128 St & Madison Ave,40.807559999999995,-73.93918199999999
3423,Fulton St & Clermont Ave,40.68415748,-73.96922273
3446,Smith St & 3 St,40.678724200000005,-73.99599099
3450,S Portland Ave & Hanson Pl,40.68539567,-73.97431458
3467,Jackson Ave & 46 Rd,40.74524768,-73.94733276
3483,Park Pl & Church St,40.71334184275907,-74.00935515761375
3485,Willoughby Ave & Myrtle Ave,40.69757,-73.93098
3525,Clinton St & Joralemon St,40.69239502,-73.99337909
3565,Roebling St & N 4 St,40.714690000000004,-73.95739
3569,Pitt St & Stanton St,40.71926081,-73.98178024
3577,N 15 St & Wythe Ave,40.724055,-73.955736
3582,5 Ave & E 93 St,40.785785100000005,-73.957481
3622,Sunken Meadow Comfort Station,40.79558,-73.91906
3634,14 St & 7 Ave,40.663779,-73.98396846
3638,Nassau Ave & Newell St,40.724812564400175,-73.94752621650694
3647,E 51 St & 1 Ave,40.75455731,-73.96592976
3649,Wythe Ave & Metropolitan Ave,40.716887,-73.96319799999999
3681,Driggs Ave & Lorimer St,40.72179134,-73.95041540000001
3695,Bedford Ave & Bergen St,40.676368,-73.95291800000001
3716,6 Ave & W 34 St,40.74964,-73.98805
3778,E 67 St & Park Ave,40.76780080148132,-73.96592080593109
3794,Douglass St & 3 Ave,40.6802133,-73.98432695
3808,7 St & 3 Ave,40.67260298150126,-73.98983001708984
3816,5 Ave & 3 St,40.672815500000006,-73.98352355
3819,Broadway & Whipple St,40.7016657,-73.9437303
3834,St. Nicholas Ave & W 157 St,40.832314000000004,-73.94102
3857,Broadway & Roebling St,40.70924826276157,-73.96063148975372
3893,Cypress Ave & Palmetto St,40.70157340873792,-73.90876293182373
3900,Smith St & 9 St,40.67469570000001,-73.99785768
3920,W Broadway & W Houston St,40.726378000000004,-74.000472
3940,E 118 St & Park Ave,40.8005385,-73.9419949
3964,Pacific St & Nevins St,40.6853761,-73.98302136
3977,31 St & Northern Blvd,40.75186951421875,-73.93349289894103
3988,Henry St & W 9 St,40.6763744,-74.00324957
3993,3 St & 7 Ave,40.67038370000001,-73.97839676
4028,Harlem River Dr & W 155 St,40.830476000000004,-73.939929
4038,5 St & 6 Ave,40.670483600000004,-73.98208968
4041,Madison St & Cypress Ave,40.70068,-73.90742
4057,Clay Ave & E 173 St,40.843264000000005,-73.90486700000001
4078,Wyckoff St & Nevins St,40.683426000000004,-73.984275
4100,McKibbin St & Bogart St,40.706237,-73.933871
4108,Park Ave & Marcus Garvey Blvd,40.698617,-73.941342
4109,Cauldwell Ave & E 161 St,40.82188,-73.907521
4136,12 St & 4 Ave,40.668603000000004,-73.99043940000001
4143,Lafayette Ave & Fort Greene Pl,40.68691865,-73.976682
4147,Pioneer St & Richards St,40.677774799999995,-74.0094613
4151,Jay St & York St,40.70140317257725,-73.98672670125961
4176,St James Pl & Pearl St,40.71117416,-74.00016545
4192,Clinton St & 4 Place,40.6783563,-74.00014502
4199,Green St & McGuinness Blvd,40.733959999999996,-73.95204
4223,W 163 St & Riverside Dr,40.839278,-73.94544599999999
4233,Icahn Stadium,40.793459999999996,-73.92389
4297,Union St & Nevins St,40.67909799721684,-73.98765474557877
4300,Berkeley Pl & 7 Ave,40.675146838709786,-73.9752320945263
4318,W 120 St & Claremont Ave,40.8109494,-73.9634
4351,Lexington Ave & E 120 St,40.8013066,-73.93981670000001
4399,Manhattan Av & Leonard St,40.72084,-73.94844
4404,Boston Rd & E 167 St,40.828199,-73.903719
4431,Underhill Ave & Pacific St,40.6804836,-73.9646795
4461,Morningside Dr & Amsterdam Ave,40.81028506306003,-73.95736455917357
4474,36 Ave & 31 St,40.75651272984955,-73.92957486212252
4531,Prospect Ave & Longwood Ave,40.81899,-73.90202
4563,35 St & 34 Ave,40.7580583,-73.92427509999999
4566,Willoughby Ave & Hall St,40.69196035,-73.96536851
4586,3 St & Hoyt St,40.6777287,-73.99364123
4595,Carroll St & Bond St,40.6786115,-73.99037292
4600,28 St & 41 Ave,40.751047,-73.93796999999999
4623,Verona Pl & Fulton St,40.680356084043396,-73.94767910242079
4631,Central Ave & Melrose St,40.70112,-73.93039
4645,Park Ave & St Edwards St,40.69608941,-73.97803415
4675,Steinway St & 28 Ave,40.7656251,-73.9136695
4709,Clinton Ave & Flushing Ave,40.69794,-73.96986848
4779,Lafayette Ave & Classon Ave,40.68900443,-73.96023854
4795,Metropolitan Ave & Meeker Ave,40.71413311,-73.95234386
4802,Amsterdam Ave & W 175 St,40.844044,-73.933651
4807,E 132 St & Madison Ave,40.810224,-73.93719499999999
4829,W 181 St & Riverside Dr,40.85168,-73.94185999999999
4832,Duane St & Greenwich St,40.71748752,-74.0104554
4834,Pierrepont St & Monroe Pl,40.69535693320225,-73.99344027042389
4847,Sigourney St & Columbia St,40.67267243410948,-74.00879524648191
4874,Wyckoff Av & Jefferson St,40.707165,-73.923711
4906,Kent Ave & S 11 St,40.7076449441757,-73.96841526031494
4931,St Nicholas Ave & E 134 St,40.816234,-73.948222
4938,Steinway St & 23 Ave,40.771393700000004,-73.9077436
4997,Knickerbocker Ave & George St,40.704425,-73.92836
5038,7 St & 5 Ave,40.670492200000005,-73.98541675
5044,Southern Blvd & Tiffany St,40.818185,-73.894143
5048,Clay Ave & Claremont Pkwy,40.83999,-73.90549
5051,Warren St & W Broadway,40.71473993,-74.00910627
5054,Metropolitan Ave & Vandervoort Ave,40.714290000000005,-73.93323000000001
5055,Grand Ave & Bergen St,40.678045000000004,-73.962408
5056,Fulton St & Irving Pl,40.68186,-73.95943199999999
5061,Riverside Dr & W 145 St,40.827304999999996,-73.951989
5073,W 140 St & Riverside Dr,40.824013,-73.95474300000001
5084,Waterbury St & Stagg St,40.710190000000004,-73.93734
5093,E 44 St & 2 Ave,40.75118387463277,-73.97138714790343
5116,Nostrand Ave & Myrtle Ave,40.69527008,-73.95238108
5155,5 St & 51 Ave,40.7423737,-73.9566
5169,W 147 St & Adam Clayton Powell Blvd,40.82281,-73.937413
5188,Riverside Dr & W 82 St,40.78720869,-73.98128127
5262,21 St & 43 Ave,40.75052534,-73.94594845
5267,Morris Ave & E 142 St,40.814469,-73.924963
5269,E 106 St & 1 Ave,40.7892529,-73.93956237
5286,Court St & Nelson St,40.6763947,-73.99869893
5289,Van Buren St & Broadway,40.692,-73.92617
5342,Halsey St & Evergreen Ave,40.68858,-73.91226999999999
5359,Riverside Dr & W 78 St,40.78414472,-73.98362492
5372,Ogden Ave & W 164 St,40.832812,-73.929372
5380,Walton Ave & E 153 St,40.822351,-73.926907
5393,St Marks Pl & 2 Ave,40.7284186,-73.98713956
5436,10 St & 5 Ave,40.6686273,-73.98700053
5454,E 150 St & Gerard Ave,40.820089,-73.928947
5462,48 Ave & 5 St,40.74436328706688,-73.95587325096129
5477,Broadway & 12 St,40.7668,-73.93477740000002
5484,Carroll St & Smith St,40.680611,-73.99475825
5490,Devoe St & Morgan Ave,40.713811,-73.93515
5543,W 74 St & Columbus Ave,40.7785669,-73.97754961
5571,Franklin Ave & St Marks Ave,40.6758324,-73.95616770000001
5600,6 Ave & 12 St,40.666318100000005,-73.9854617
5607,E 138 St & Canal St W,40.812304,-73.929153
5634,Willis Ave & Bruckner Blvd,40.805701,-73.925177
5635,E 156 & Brook Ave,40.819823,-73.91241099999999
5682,Clinton St & Union St,40.683116399999996,-73.99785267
5707,39 St & 2 Ave,40.65539977447831,-74.0106278657913
5735,Lenox Ave & W 133 St,40.81296,-73.941878
5766,Richardson St & N Henry St,40.71907891179564,-73.94223690032959
5777,1 Pl & Clinton St,40.6809591,-73.99905709
5787,27 St & Hunter St,40.7485,-73.941275
5874,Withers St & Kingsland Ave,40.717729999999996,-73.94051
5880,Marcy Ave & Lafayette Ave,40.6900815,-73.94791500000001
5890,Columbia St & Degraw St,40.6859296,-74.00242364
5891,Wards Meadow Comfort Station,40.78294,-73.93077
5923,Banker St & Meserole Ave,40.72606,-73.95621
5954,Amsterdam Ave & W 162 St,40.83618,-73.939789
5962,Sullivan St & Washington Sq,40.73047747,-73.99906065
5980,Bayard St & Baxter St,40.71602118,-73.99974372
6038,Tompkins Ave & Hopkins St,40.69957608,-73.94708417
6077,West End Ave & W 107 St,40.8021174,-73.9681805305
6089,St Mary's St & Jackson Ave,40.808890999999996,-73.91081
6103,E 116 St & 2 Ave,40.796879,-73.93726099999999
6180,W 90 St & Amsterdam Ave,40.79017948095081,-73.97288918495178
6316,W 116 St & Broadway,40.8082,-73.9641
6353,Laight St & Hudson St,40.72185379,-74.00771779
6359,Prospect Pl & Underhill Ave,40.6769694,-73.96579
6449,St Johns Pl & Washington Ave,40.6737236,-73.9631611
6461,Freeman St & Southern Blvd,40.830051,-73.892103
6467,37 St & 24 Ave,40.7701477,-73.9120938
6478,Humboldt St & Varet St,40.7031724,-73.940636
6485,Carlton Ave & Dean St,40.68097410000001,-73.97100970000001
6495,Greene Ave & Throop Ave,40.6894932,-73.942061
6498,14 St & 5 Ave,40.666287,-73.98895053
6503,India St & Manhattan Ave,40.73232194,-73.9550858
6569,Washington Ave & E 167 St,40.829896000000005,-73.907618
6624,Cedar St & Myrtle Ave,40.697842,-73.926241
6834,Front St & Gold St,40.70224,-73.982578
6913,Engert Ave & McGuinness Blvd,40.721579999999996,-73.94546
6922,S 4 St & Rodney St,40.709340000000005,-73.95608
7003,Coffey St & Conover St,40.677236,-74.015665
7059,Broadway & W 155 St,40.83299,-73.94592
7117,Union Ave & Wallabout St,40.70029511,-73.95032283
7138,27 Ave & 3 St,40.77485,-73.9342
7148,E 30 St & Park Ave S,40.74444921,-73.98303529
7172,Hoe Ave & Jennings St,40.832171,-73.889686
7210,Hoyt St & Warren St,40.6843549,-73.98901629
7374,28 Ave & 44 St,40.76408932350689,-73.9106512069702
7445,Adelphi St & Myrtle Ave,40.69308257,-73.97178913
7507,Park Pl & Vanderbilt Ave,40.6767,-73.969024
7571,Graham Ave & Conselyea St,40.715143,-73.944507
7574,Webster Ave & E 166 St,40.828975,-73.911259
7598,Intervale Ave & Westchester Ave,40.821967,-73.896752
7603,Douglass St & 4 Ave,40.67927879999999,-73.98154004
7617,Willis Ave & E 143 St,40.812298999999996,-73.92036999999999
7660,Putnam Ave & Wyckoff Ave,40.69811,-73.90904
7697,Grove St & Broadway,40.69047,-73.923511
7751,E 141 St & St Ann's Ave,40.808633,-73.916124
7823,Alexander Ave & E 134 St,40.807466,-73.92710699999999
7831,3 Ave & Carroll St,40.677027,-73.9865
7835,E 68 St & Madison Ave,40.7691572,-73.96703464
7890,Columbia St & W 9 St,40.6769993,-74.00647134
7894,Bronx Shore Comfort Station,40.80046,-73.92404
7909,Carroll St & 6 Ave,40.6740886,-73.9787282
7925,Leonard St & Nassau Ave,40.7239567849954,-73.94984364509583
8053,31 Ave & 34 St,40.763154,-73.920827
8058,Cabrini Blvd & W 177 St,40.848282,-73.941343
8206,3 Ave & E 170 St,40.834857,-73.903743
8221,36 Ave & 10 St,40.7614376,-73.9411265
8255,Gerard Ave & McClellan St,40.833909000000006,-73.92112
8289,40 Ave & Crescent St,40.7535992020056,-73.9379560947418
8393,Perry St & Greenwich Ave,40.735918,-74.000939
8443,Hart St & Wyckoff Ave,40.704876,-73.919911
8444,W 145 St & Amsterdam Ave,40.825244,-73.947257
8502,Driggs Ave & N Henry St,40.72325,-73.94308000000001
8582,Amsterdam Ave & W 119 St,40.8086249,-73.9596214
8622,Grand Concourse & E 171 St,40.839549,-73.913004
8763,34 St & 35 Ave,40.756933200000006,-73.92622309999999
8804,Lincoln Ave & E 138 St,40.810893,-73.927311
8850,Willoughby Ave & Onderdonk Ave,40.7098,-73.91727
8854,Brook Ave & E 141 St,40.809619,-73.917875
8860,Sterling Pl & Bedford Ave,40.672695000000004,-73.954131
8878,Berkeley Pl & 6 Ave,40.6765304,-73.97846879
8879,Powers St & Olive St,40.713229999999996,-73.93894
8949,Commerce St & Van Brunt St,40.681211700000006,-74.00860912
8956,Irving Ave & DeKalb Ave,40.7027,-73.92095
8986,Broadway & Madison St,40.68822,-73.91966
9084,Carroll St & Franklin Ave,40.6679411,-73.9588
9102,E 153 St & E 157 St,40.826677000000004,-73.929327
9118,1 Ave & E 110 St,40.7923272,-73.9383
9143,21 St & 38 Ave,40.7576314,-73.9391224
9157,Crescent St & 34 Ave,40.76108,-73.930562
9175,Washington Ave & Greene Ave,40.68650065,-73.96563307
9277,Sterling St & Bedford Ave,40.6627059,-73.9569115
9450,Prospect Ave & E 151 St,40.814232000000004,-73.903927
9491,Grand Concourse & E 164 St,40.829608,-73.921461
9565,President St & Henry St,40.6828003,-73.99990419
9706,Amsterdam Ave & W 183 St,40.84925,-73.93021999999999
10015,E 147 St & Bergen Ave,40.814673,-73.91839
10136,George St & Wilson Ave,40.702996999999996,-73.92997
10144,Bushwick Ave & McKibbin St,40.705517,-73.93936
10281,Suydam St & Broadway,40.695440000000005,-73.93223
10427,Sheridan Ave & E 168 St,40.835334,-73.9154
10557,Graham Ave & Herbert St,40.71929301,-73.94500379
10655,W 129 St & Convent Ave,40.81439443791581,-73.95324736833571
10751,Henry St & Bay St,40.672505799999996,-74.00494695
10818,31 St & Hoyt Ave N,40.771152799999996,-73.9170074
10858,Suydam St & Knickerbocker Ave,40.702013,-73.923769
10880,Union Ave & E 169 St,40.82995,-73.898802
10949,Wadsworth Ave & W 175 St,40.846052,-73.937648
11100,St. Nicholas Terrace & Convent Ave,40.821294,-73.947868
11180,Riverside Dr & W 148 St,40.829114000000004,-73.95042600000001
11182,E 134 St & Walnut Ave,40.800425,-73.911034
11263,Frost St & Meeker Ave,40.71766197083994,-73.94880026578903
11328,Amsterdam Ave & W 156 St,40.832081,-73.942386
11382,Graham Ave & Withers St,40.7169811,-73.94485918
11400,White St & Johnson Ave,40.707174,-73.93581
11431,Stockholm St & Wilson Ave,40.699304,-73.92304399999999
11444,Riverside Dr & W 153 St,40.832164,-73.949702
11465,W 170 St & University Ave,40.84207,-73.926075
11522,Stuyvesant Walk & 1 Av Loop,40.732339777151054,-73.97898383438587
11576,Halsey St & Tompkins Ave,40.682368700000005,-73.944118
11639,Franklin Ave & E 169 St,40.83171,-73.90208
11664,Convent Ave & W 151 St,40.828309999999995,-73.942924
11707,Throop Ave & Myrtle Ave,40.69622937,-73.94371094
11744,Cypress Ave & George St,40.69812,-73.90271
12011,Lincoln Pl & Classon Ave,40.672168299999996,-73.9609
12214,Rockaway Ave & Bainbridge St,40.68319988172761,-73.91166642308234
12225,Central Ave & Starr Street,40.700003,-73.92834
12236,Dwight St & Van Dyke St,40.67363551341504,-74.01195555925368
12255,Brook Ave & E 157 St,40.820713,-73.911759
12274,Sharon St & Olive St,40.715353,-73.93856
12388,Bushwick Ave & Stagg St,40.709897,-73.94008000000001
12392,W 107 St & Columbus Ave,40.7997568,-73.9621128676
12570,2 Ave & E 122 St,40.8006721,-73.9349
12587,Jerome Ave & Ogden Ave,40.829797,-73.931015
12780,Westchester Ave & E 156 St,40.817802,-73.905203
12852,Hancock St & Bedford Ave,40.68216564,-73.95399026
12866,Railroad Ave & Kay Ave,40.70531194,-73.97100056
13417,Central Ave & Woodbine St,40.69296,-73.91605
13534,Kent St & McGuinness Blvd,40.73124,-73.95161
13549,Park Pl & Franklin Ave,40.67418060000001,-73.95649470000001
13628,Edgecombe Ave & W 167 St,40.838190999999995,-73.93608499999999
13668,Beck St & Leggett Ave,40.815077,-73.899939
13809,Carroll St & Washington Ave,40.6686744,-73.9618148
14079,Broadway & Furman Ave,40.68139,-73.90756
14124,Grand Concourse & East Mount Eden Ave,40.84301,-73.91171999999999
14278,Knickerbocker Ave & Cooper St,40.69081,-73.90448
14386,Lorimer St & Broadway,40.70411791,-73.94818595
14465,Bushwick Ave & Furman Ave,40.682809999999996,-73.90623000000001
14522,Clinton St & Tillary St,40.696232971293156,-73.99142056703569
14703,Amsterdam Ave & W 136 St,40.819746,-73.951819
14757,Nelson Ave & W 172 St,40.843965000000004,-73.920999
15020,Sullivan Pl & Bedford Ave,40.6642406,-73.9574686
15230,Montgomery St & Franklin Ave,40.666439306870814,-73.96055638790129
15480,Charlotte St & Boston Rd,40.8358771,-73.89314279999999
15728,Park Ave & E 162 St,40.825716,-73.915585
15835,Evergreen Ave & Noll St,40.70106,-73.93318000000001
16014,Madison St & Evergreen Ave,40.69122,-73.91693000000001
16043,W 133 St & 12 Ave,40.820003,-73.959089
16068,Intervale Ave & Kelly St,40.827301,-73.896372
16128,Pioneer St & Van Brunt St,40.679043,-74.011169
16187,30 Ave & 21 St,40.77037429999999,-73.9286078
16373,Clermont Ave & Park Ave,40.69573398,-73.97129668
16413,Fort Washington Ave & W 173 St,40.84522,-73.940493
16506,E 169 St & Fox St,40.827184,-73.893721
16507,Broadway & Hancock St,40.68663,-73.9168
16904,Jefferson Ave & Evergreen Ave,40.689890000000005,-73.91458
16937,W 160 St & St. Nicholas Ave,40.834468,-73.939865
16955,E 128 St & 3 Ave,40.805631,-73.934077
16983,Amsterdam Ave & W 172 St,40.842172999999995,-73.93511099999999
16996,Bushwick Ave & Powers St,40.71247661,-73.94100005
17129,Metropolitan Ave & Stewart Ave,40.714009999999995,-73.92793
17133,35 Ave & 10 St,40.763154819103725,-73.93985509872438
17216,Union St & Bedford Ave,40.6691783,-73.9554162
17452,Willoughby Ave & Wyckoff Ave,40.705614000000004,-73.92153
17681,Lincoln Ave & E 134 St,40.808484,-73.928803
17759,Boone Ave & E 172 St,40.832648999999996,-73.885272
17798,Menahan St & Wyckoff Ave,40.70113,-73.91422
17856,W 171 St & St. Nicholas Ave,40.842940999999996,-73.938631
17908,E 77 St & 3 Ave,40.77314236,-73.95856158
18192,Greene Ave & Grandview Ave,40.709697,-73.90785600000001
18324,E 149 St & Jackson Ave,40.813134999999996,-73.909235
18430,Wales Ave & E 147 St,40.811314,-73.907729
18807,E 33 St & 5 Ave,40.74765947,-73.98490707
19110,Ditmars Blvd & 19 St,40.78145,-73.9183302
19187,Stanhope St & Fairview Ave,40.70998,-73.91116
19546,Onderdonk Ave & Gates Ave,40.70413,-73.90737
19951,Amsterdam Ave & W 152 St,40.829522999999995,-73.94427900000001
19996,Mount Eden Pkwy & Eastburn Ave,40.842675,-73.90854399999999
20061,Mt Morris Park W & W 120 St,40.804038,-73.945925
20334,Walton Ave & E 168 St,40.836490000000005,-73.918316
20732,Linden St & Knickerbocker Ave,40.697140000000005,-73.91566
20753,Stephen St & Seneca Ave,40.6988,-73.9007
21008,Grand Concourse & E 144 St,40.816576,-73.927987
21509,Southern Blvd & Avenue St. John,40.812769,-73.901583
22009,E 158 St & Melrose Ave,40.822215,-73.914688
22162,E 138 St & Grand Concourse,40.813224,-73.930605
22503,Van Sinderen Ave & Truxton St,40.6786,-73.90369
22699,E 142 St & 3 Ave,40.812734999999996,-73.923697
22830,Gerard Ave & E 146 St,40.817755,-73.92965
22859,Central Ave & Weirfield St,40.69055,-73.91181
22998,Southern Blvd & E 175 St,40.839335,-73.886445
24013,Longfellow Ave & E 165 St,40.825322,-73.88772900000001
24025,Grand Concourse & E 166 St,40.831959999999995,-73.91956
24220,Onderdonk Ave & Dekalb Ave,40.70863,-73.91497
24305,Edgecombe Ave & W 150 St,40.826881,-73.941427
24351,Putnam Ave & Knickerbocker Ave,40.69545,-73.91164
24352,Bruckner Blvd & Bryant Ave,40.821952,-73.88854599999999
24486,40 Ave & 9 St,40.75742,-73.945133
24974,31 Ave & 14 St,40.7682,-73.9322662
25231,Eldert St & Bushwick Ave,40.68652,-73.91320999999999
25262,Inwood Ave & W 170 St,40.840536,-73.919228
25269,Madison Ave & E 120 St,40.80295,-73.942954
25287,E 169 St & Webster Ave,40.834015,-73.908863
25426,W 50 St & 10 Ave,40.76473420006519,-73.99194359779358
25436,E 138 St & Willow Ave,40.804168,-73.91154499999999
25621,E 174 St & Longfellow Ave,40.836273999999996,-73.88430799999999
25870,Boston Rd & Prospect Ave,40.833246,-73.896599
25951,Washington Ave & E 163 St,40.824,-73.91089000000001
25971,Louis Nine Blvd & Intervale Ave,40.831998,-73.892686
26149,W 159 St & Edgecombe Ave,40.833303,-73.939326
26331,River Ave & McClellan St,40.83406,-73.92243
26820,Grand Concourse & E 167 St,40.834263,-73.917641
27071,Southern Blvd & E 172 St,40.834123999999996,-73.88955
27199,Shakespeare Ave & W 169 St,40.839312,-73.922423
27249,Grant Ave & E 169 St,40.83579,-73.913741
27916,Wolcott St & Dwight St,40.6753274,-74.0100698
30053,Walton Ave & E 171 St,40.840683,-73.91507299999999
30340,Morris Ave & McClellan St,40.831584,-73.9149
30621,E 167 St & Bryant Ave,40.826706,-73.888719
31505,E 138 St & Cypress Ave,40.805559,-73.91471800000001
32398,Old Broadway & W 133 St,40.818212,-73.955277
32737,E 157 St & River Ave,40.825737,-73.927311
33264,E 170 St & Clay Ave,40.837213,-73.908345
33583,Suydam St & St. Nicholas Ave,40.70636,-73.91945
34982,E 155 St & Courtlandt Ave,40.820570000000004,-73.917579
35339,E 165 St & Clay Ave,40.82809,-73.91288
35359,Longwood Ave & Southern Blvd,40.816342999999996,-73.896447
35568,Gerard Ave & E 164 St,40.830262,-73.92339100000001
35766,Crotona Park East & E 173 St,40.837037,-73.890413
37118,Prospect Ave & E 167 St,40.826303,-73.898751
37726,Central Ave & Covert St,40.68929,-73.90951
40169,Lafayette Ave & Hunts Point Ave,40.816567,-73.888161
40716,Fulton Ave & St. Paul's Pl,40.83545,-73.90153000000001
41395,E 133 St & Cypress Pl,40.802620000000005,-73.9174
41758,W 54 St & 11 Ave,40.768333,-73.992573
41961,Madison St & Seneca Ave,40.70183,-73.90625
43387,College Ave & E 170 St,40.837576,-73.910489
45117,Cedar St & Evergreen Ave,40.696709999999996,-73.92806999999999
46857,St. Ann's Av & Bruckner Blvd,40.803399,-73.919763
47321,Menahan St & Central Ave,40.69543,-73.9196
47439,Frederick Douglass Blvd & Harlem River Dr,40.830702,-73.936371
48210,E 165 St & Jerome Ave,40.83263,-73.925101
49873,Crotona Park North & Prospect Ave,40.841091999999996,-73.892317
50636,E 167 St & Franklin Ave,40.82895,-73.90521
51114,E 149 St & Eagle Ave,40.814046000000005,-73.91186
51762,Westchester Ave & Jackson Ave,40.816124,-73.908116
52610,Fulton Ave & E 168 St,40.830471,-73.904556
53470,Fulton Ave & E 172 St,40.839228999999996,-73.899047
57956,Waterloo Pl & Crotona Park East,40.839194,-73.888587
60479,Ogden Ave & Merriam Ave,40.839141999999995,-73.925961
63381,Anderson Ave & W 164 St,40.832057,-73.927421
82981,Southern Blvd & E 142 St,40.807347437082,-73.90809774398805
84432,Hunts Point Ave & Bryant Ave,40.813990999999994,-73.8855
85133,Dawson St & Intervale Ave,40.819998999999996,-73.897263
86312,W 44 St & 11 Ave,40.762009,-73.996975
89447,E 163 St & Tiffany St,40.821075,-73.89506899999999
94862,Barry St & Tiffany St,40.816126000000004,-73.891559
99673,Prospect Ave & Jennings St,40.831762,-73.89685300000001
117396,W 17 St & 8 Ave,40.74177603,-74.00149746
123165,E 165 St & Fox St,40.82394,-73.894025
131366,Grand Concourse & E 156 St,40.823429,-73.924689
131652,3 Ave & E 172 St,40.839586,-73.900277
136395,Westchester Ave & Southern Blvd,40.824956,-73.891677
148790,Wilkins Ave & Crotona Park E,40.835302,-73.895133
153233,University Ave & W 168 St,40.838706,-73.92703399999999
177940,Seneca Ave & Irvine St,40.81872569990116,-73.88862490653993
179999,Faile St & Garrison Ave,40.820578000000005,-73.888271
188579,E 9 St & Avenue C,40.72521311,-73.97768752
205842,Glenwood Ave,40.72755146730012,-74.07106071710588
276677,E 50 St & Park Ave,40.757334,-73.974235
291829,Old Slip & South St,40.70336686695865,-74.007867872715
293107,Newport PATH,40.7272235,-74.03375890000001
294490,Paulus Hook,40.7141454,-74.0335519
318884,Hudson St & W 13 St,40.74005708567285,-74.0052741765976
326406,Lexington Ave & E 24 St,40.74025878,-73.98409214
403651,West Thames St,40.70834698,-74.01713445
426838,E 6 St & Avenue B,40.72453734,-73.98185424
458122,Cadman Plaza E & Tillary St,40.69597683,-73.99014892
470845,Washington St,40.7242941,-74.0354826
582303,Columbus Dr at Exchange Pl,40.71687,-74.03281
590847,Riverview Park,40.7443187,-74.04399090000001
655115,Spring St & Hudson St,40.725839967923754,-74.00765329599379
664760,Thompson St & Bleecker St,40.72840059450829,-73.99968780577183
735574,34th Ave & Vernon Blvd,40.76535380385866,-73.93986314535141
770277,W 10 St & Washington St,40.73342399437081,-74.00851495563984
797603,21 St & 23 Ave,40.778557,-73.919046
821346,8 St & Astoria Blvd,40.7725996921817,-73.93266275525094
821686,34 Ave & 31 St,40.759604471387945,-73.9271441102028
826533,18 St & 27 Ave,40.772768286288304,-73.9274364709854
840184,Hamilton Park,40.727595965999996,-74.044247311
890116,Heights Elevator,40.748715945380226,-74.04044330120088
965498,E 54 St & 1 Ave,40.756265,-73.964179
1004309,Southern Blvd & E 174 St,40.836733,-73.88793100000001
1035064,35 St & 23 Ave,40.773015082913815,-73.9111903309822
1036066,W 167 St & St. Nicholas Ave,40.840123999999996,-73.93949
1045128,24 St & 38 Ave,40.756351,-73.936515
1085935,Morris Ave & E 163 St,40.827230499624726,-73.91765579597632
1086310,Morris Ave & E 171 St,40.83899,-73.9109
